Category,Sub Category,Product Segment,URL
Candles & Aromatherapy,Diffusers,Liquid,https://www.amazon.com/s?k=DIFFUSERS+LIQUID&crid=3DKFQ0AH5JQHO&sprefix=diffusers+liquid%2Caps%2C510&ref=nb_sb_noss_2
Candles & Aromatherapy,Candles,Wax,https://www.amazon.com/s?k=CANDLES+WAX&crid=36TAGM1NQEYIA&sprefix=candles+wax%2Caps%2C416&ref=nb_sb_noss_1
Candles & Aromatherapy,Candles,Candle Accessories,https://www.amazon.com/s?k=CANDLE+ACCESSORIES&crid=3WAHD37W3AOX&sprefix=candle+accessories%2Caps%2C493&ref=nb_sb_noss_1
Cleaning & Laundry,Cleaning,Cleaning Accessories,https://www.amazon.com/s?k=CLEANING+ACCESSORIES&crid=2T59F5GT02Z6D&sprefix=cleaning+accessories%2Caps%2C470&ref=nb_sb_noss_1
Cleaning & Laundry,Cleaning,Trash Cans & Bins,https://www.amazon.com/s?k=TRASH+CANS+%26+BINS&crid=3DEXR967BC47D&sprefix=trash+cans+%26+bins%2Caps%2C384&ref=nb_sb_noss_2
Cleaning & Laundry,Laundry,Baskets & Bags,https://www.amazon.com/s?k=LAUNDRY+BASKETS+%26+BAGS&crid=2CRSUNM7Y4ZP3&sprefix=laundry+baskets+%26+bags%2Caps%2C461&ref=nb_sb_noss_2
Cleaning & Laundry,Laundry,Clothes Airers & Pegs,https://www.amazon.com/s?k=CLOTHES+AIRERS+%26+PEGS&crid=2KKEY3E0127QL&sprefix=clothes+airers+%26+pegs%2Caps%2C426&ref=nb_sb_noss
Cleaning & Laundry,Laundry,Hampers & Sorters,https://www.amazon.com/s?k=LAUNDRY+HAMPERS+%26+SORTERS&crid=OIOL22YGYYTO&sprefix=laundry+hampers+%26+sorters%2Caps%2C351&ref=nb_sb_noss_2
Cleaning & Laundry,Laundry,Laundry Accessories,https://www.amazon.com/s?k=LAUNDRY+ACCESSORIES&crid=FNHQP1R1LTLK&sprefix=laundry+accessories%2Caps%2C384&ref=nb_sb_noss_1
Furniture,Indoor Furniture,Shoe Cabinet & Racks,https://www.amazon.com/s?k=SHOE+CABINET+%26+RACKS&crid=XN5SBDSG1HQY&sprefix=shoe+cabinet+%26+racks%2Caps%2C390&ref=nb_sb_noss_2
Furniture,Outdoor Furniture,Outdoor Storage,https://www.amazon.com/s?k=OUTDOOR+STORAGE&crid=1TE86D8TEH5TJ&sprefix=outdoor+storage%2Caps%2C414&ref=nb_sb_noss_1
Kitchenware,Bakeware,Bakers & Casseroles,https://www.amazon.com/s?k=BAKERS+%26+CASSEROLES&crid=2L7ZH9CWW83AJ&sprefix=bakers+%26+casseroles%2Caps%2C434&ref=nb_sb_noss_1
Kitchenware,Bakeware,"Baking Trays, Sheets & Racks",https://www.amazon.com/s?k=BAKING+TRAYS%2C+SHEETS+%26+RACKS&crid=FU5KFPDDEZ7D&sprefix=baking+trays%2C+sheets+%26+racks%2Caps%2C349&ref=nb_sb_noss_2
Kitchenware,Bakeware,"Cake, Muffin & Cupcake Pans",https://www.amazon.com/s?k=CAKE%2C+MUFFIN+%26+CUPCAKE+PANS&crid=XVNSITF6FE3I&sprefix=cake%2C+muffin+%26+cupcake+pans%2Caps%2C387&ref=nb_sb_noss
Kitchenware,Bakeware,"Specialty Bakeware (pizza, pie dish, bread & loaf etc)",https://www.amazon.com/s?k=SPECIALTY+BAKEWARE+pizza%2C+pie+dish%2C+bread+%26+loaf&crid=1RD5B2OWEJKSM&sprefix=specialty+bakeware+pizza%2C+pie+dish%2C+bread+%26+loaf%2Caps%2C353&ref=nb_sb_noss
Kitchenware,Cookware,"Cookware Accessories (trivets, splatter lids, spoon rests etc)",https://www.amazon.com/s?k=COOKWARE+ACCESSORIES+trivets%2C+splatter+lids%2C+spoon+rests&crid=3NT73862JPAYQ&sprefix=cookware+accessories+trivets%2C+splatter+lids%2C+spoon+rests%2Caps%2C345&ref=nb_sb_noss
Kitchenware,Cookware,"Fry Pans, Grills & Griddles",https://www.amazon.com/s?k=FRY+PANS%2C+GRILLS+%26+GRIDDLES&crid=1AVF25KNC6UQ9&sprefix=fry+pans%2C+grills+%26+griddles%2Caps%2C347&ref=nb_sb_noss
Kitchenware,Cookware,Microwave Cookware,https://www.amazon.com/s?k=MICROWAVE+COOKWARE&crid=3SEJ56AD3XJXW&sprefix=microwave+cookware%2Caps%2C405&ref=nb_sb_noss_1
Kitchenware,Cookware,Roasting Pans,https://www.amazon.com/s?k=ROASTING+PANS&crid=3RUDBG6BV4Y3D&sprefix=roasting+pans%2Caps%2C382&ref=nb_sb_noss_1
Kitchenware,Cookware,Saucepans,https://www.amazon.com/s?k=SAUCEPANS&crid=2H4B0F433KZLN&sprefix=saucepans%2Caps%2C362&ref=nb_sb_noss_1
Kitchenware,Cookware,Stock & Soup Pots,https://www.amazon.com/s?k=STOCK+%26+SOUP+POTS&crid=1WJ5HVWUAOVTW&sprefix=stock+%26+soup+pots%2Caps%2C392&ref=nb_sb_noss_2
Kitchenware,Food Preparation,Cutting Boards,https://www.amazon.com/s?k=CUTTING+BOARDS&crid=1ZQ9WL6B9X998&sprefix=cutting+boards%2Caps%2C403&ref=nb_sb_noss_1
Kitchenware,Food Preparation,"Knives, Blocks & Sharpeners",https://www.amazon.com/s?k=KNIVES%2C+BLOCKS+%26+SHARPENERS&crid=BYYM48TCG5VK&sprefix=knives%2C+blocks+%26+sharpeners%2Caps%2C400&ref=nb_sb_noss_2
Kitchenware,Food Preparation,Measuring Jugs & Cups,https://www.amazon.com/s?k=MEASURING+JUGS+%26+CUPS&crid=32DZ0GOKFR361&sprefix=measuring+jugs+%26+cups%2Caps%2C374&ref=nb_sb_noss_2
Kitchenware,Food Preparation,Mixing Bowls,https://www.amazon.com/s?k=MIXING+BOWLS&crid=FO4YNI1FFBYQ&sprefix=mixing+bowls%2Caps%2C394&ref=nb_sb_noss_1
Kitchenware,Food Storage,Meal Prep Containers,https://www.amazon.com/s?k=MEAL+PREP+CONTAINERS&crid=2JMUN9S1P3ONB&sprefix=meal+prep+containers%2Caps%2C402&ref=nb_sb_noss_1
Kitchenware,Food Storage,"On the Go Food Storage (lunch boxes, reusable bags etc)",https://www.amazon.com/s?k=ON+THE+GO+FOOD+STORAGE+lunch+boxes%2C+reusable+bags&crid=1GOKG2C6GBP5Q&sprefix=on+the+go+food+storage+lunch+boxes%2C+reusable+bags%2Caps%2C375&ref=nb_sb_noss
Kitchenware,Food Storage,Refrigerator Food Storage,https://www.amazon.com/s?k=REFRIGERATOR+FOOD+STORAGE&crid=2E9S8V8I7C4WN&sprefix=refrigerator+food+storage%2Caps%2C359&ref=nb_sb_noss_1
Kitchenware,Food Storage,"Specialty Food Storage (canning, spice, oil bottles etc)",https://www.amazon.com/s?k=SPECIALTY+FOOD+STORAGE+canning%2C+spice%2C+oil+bottles&crid=1PTMRDRVG8KFH&sprefix=specialty+food+storage+canning%2C+spice%2C+oil+bottles%2Caps%2C356&ref=nb_sb_noss
Kitchenware,Food Storage,Storage Canisters,https://www.amazon.com/s?k=STORAGE+CANISTERS&crid=136GY85F1RJHY&sprefix=storage+canisters%2Caps%2C379&ref=nb_sb_noss_1
Kitchenware,Food Storage,Storage Containers,https://www.amazon.com/s?k=STORAGE+CONTAINERS&crid=PSJ5I8L7U8X4&sprefix=storage+containers%2Caps%2C394&ref=nb_sb_noss_1
Kitchenware,Glassware & Drinkware,Coffee Mugs & Tea Cups,https://www.amazon.com/s?k=COFFEE+MUGS+%26+TEA+CUPS&crid=3OTAZADMU1GZ8&sprefix=coffee+mugs+%26+tea+cups%2Caps%2C379&ref=nb_sb_noss_2
Kitchenware,Glassware & Drinkware,Drinking Glasses,https://www.amazon.com/s?k=DRINKING+GLASSES&crid=2Q113VOT9Q1AF&sprefix=drinking+glasses%2Caps%2C397&ref=nb_sb_noss_1
Kitchenware,Glassware & Drinkware,Drinkware Accessories,https://www.amazon.com/s?k=DRINKWARE+ACCESSORIES&crid=2YKI1ASK369IH&sprefix=drinkware+accessories%2Caps%2C384&ref=nb_sb_noss_1
Kitchenware,Glassware & Drinkware,Specialty Glassware,https://www.amazon.com/s?k=SPECIALTY+GLASSWARE&crid=SXKDKT34N0OI&sprefix=specialty+glassware%2Caps%2C382&ref=nb_sb_noss_1
Kitchenware,Glassware & Drinkware,Tea & Coffee Makers,https://www.amazon.com/s?k=TEA+%26+COFFEE+MAKERS&crid=20MUZSO6ETQZW&sprefix=tea+%26+coffee+makers%2Caps%2C412&ref=nb_sb_noss_2
Kitchenware,Glassware & Drinkware,Wine Glasses & Flutes,https://www.amazon.com/s?k=WINE+GLASSES+%26+FLUTES&crid=2Q3M6WWF2GDZ2&sprefix=wine+glasses+%26+flutes%2Caps%2C419&ref=nb_sb_noss_2
Kitchenware,Kitchen Organization,Fruit Baskets & Holders,https://www.amazon.com/s?k=FRUIT+BASKETS+%26+HOLDERS&crid=1IBK54G8K1449&sprefix=fruit+baskets+%26+holders%2Caps%2C437&ref=nb_sb_noss_2
Kitchenware,Kitchen Organization,Kitchen Composters,https://www.amazon.com/s?k=KITCHEN+COMPOSTERS&crid=3T2STV00810OZ&sprefix=kitchen+composters%2Caps%2C393&ref=nb_sb_noss_1
Kitchenware,Kitchen Organization,Mug Racks & Pod Holders,https://www.amazon.com/s?k=MUG+RACKS+%26+POD+HOLDERS&crid=1VV929SCRJLZ9&sprefix=mug+racks+%26+pod+holders%2Caps%2C389&ref=nb_sb_noss
Kitchenware,Kitchen Organization,Napkin & Paper Towel Holders,https://www.amazon.com/s?k=NAPKIN+%26+PAPER+TOWEL+HOLDERS&crid=1NIB04DV5J8FP&sprefix=napkin+%26+paper+towel+holders%2Caps%2C406&ref=nb_sb_noss_2
Kitchenware,Kitchen Organization,Utensil Storage,https://www.amazon.com/s?k=UTENSIL+STORAGE&crid=3GE5GF9DL3OM2&sprefix=utensil+storage%2Caps%2C385&ref=nb_sb_noss_1
Kitchenware,Utensils & Gadgets,Baking & Pastry Tools,https://www.amazon.com/s?k=BAKING+%26+PASTRY+TOOLS&crid=1WCS4SA468222&sprefix=baking+%26+pastry+tools%2Caps%2C382&ref=nb_sb_noss_2
Kitchenware,Utensils & Gadgets,Colanders & Food Strainers,https://www.amazon.com/s?k=COLANDERS+%26+FOOD+STRAINERS&crid=1RD1H4ZALQGNX&sprefix=colanders+%26+food+strainers%2Caps%2C391&ref=nb_sb_noss_1
Kitchenware,Utensils & Gadgets,"Graters, Zesters, Peelers & Choppers",https://www.amazon.com/s?k=GRATERS%2C+ZESTERS%2C+PEELERS+%26+CHOPPERS&crid=2A6J0TUTO6RB7&sprefix=graters%2C+zesters%2C+peelers+%26+choppers%2Caps%2C444&ref=nb_sb_noss
Kitchenware,Utensils & Gadgets,"Kitchen Shears, Scissors & Can Openers",https://www.amazon.com/s?k=KITCHEN+SHEARS%2C+SCISSORS+%26+CAN+OPENERS&crid=TKSMS5TALXOI&sprefix=kitchen+shears%2C+scissors+%26+can+openers%2Caps%2C361&ref=nb_sb_noss
Kitchenware,Utensils & Gadgets,Mandolines & Slicers,https://www.amazon.com/s?k=MANDOLINES+%26+SLICERS&crid=1K8G476TZJRO2&sprefix=mandolines+%26+slicers%2Caps%2C374&ref=nb_sb_noss_1
Kitchenware,Utensils & Gadgets,Salad Spinners & Salad Tools,https://www.amazon.com/s?k=SALAD+SPINNERS+%26+SALAD+TOOLS&crid=1HW6YNA0ZCWI4&sprefix=salad+spinners+%26+salad+tools%2Caps%2C401&ref=nb_sb_noss_1
Kitchenware,Utensils & Gadgets,"Specialty Tools (scales, thermometers etc)",https://www.amazon.com/s?k=SPECIALTY+TOOLS+scales%2C+thermometers&crid=F9VBJ8XS9J3J&sprefix=specialty+tools+scales%2C+thermometers%2Caps%2C347&ref=nb_sb_noss
Kitchenware,Utensils & Gadgets,"Utensils, Tongs & Whisks",https://www.amazon.com/s?k=UTENSILS%2C+TONGS+%26+WHISKS&crid=2QWOXK7ZDTA0Y&sprefix=utensils%2C+tongs+%26+whisks%2Caps%2C381&ref=nb_sb_noss_2
Pet,Pet Accessories,Pet Storage,https://www.amazon.com/s?k=PET+STORAGE&crid=I7DYZBGUXDYY&sprefix=pet+storage%2Caps%2C375&ref=nb_sb_noss_1
Storage & Organization,Baskets & Bins,Bins & Boxes,https://www.amazon.com/s?k=BINS+%26+BOXES&crid=2OGAGEKJ19HM4&sprefix=bins+%26+boxes%2Caps%2C380&ref=nb_sb_noss_1
Storage & Organization,Baskets & Bins,Decorative Baskets,https://www.amazon.com/s?k=DECORATIVE+BASKETS&crid=2R4C00BVEAYF7&sprefix=decorative+baskets%2Caps%2C391&ref=nb_sb_noss_1
Storage & Organization,Baskets & Bins,Other Baskets & Tubs,https://www.amazon.com/s?k=OTHER+BASKETS+%26+TUBS&crid=3EF78YWSLMQXC&sprefix=other+baskets+%26+tubs%2Caps%2C406&ref=nb_sb_noss
Storage & Organization,Baskets & Bins,Plastic Storage Bins,https://www.amazon.com/s?k=PLASTIC+STORAGE+BINS&crid=2ZCSKDO555X9I&sprefix=plastic+storage+bins%2Caps%2C391&ref=nb_sb_noss_1
Storage & Organization,Baskets & Bins,Totes & Cubes,https://www.amazon.com/s?k=TOTES+%26+CUBES&crid=3BXROSCIOHYAF&sprefix=totes+%26+cubes%2Caps%2C384&ref=nb_sb_noss_2
Storage & Organization,Bathroom Storage,"Bins, Brushes & Caddies",https://www.amazon.com/s?k=BATHROOM+STORAGE+BINS%2C+BRUSHES+%26+CADDIES&crid=16HP6SQX30FB5&sprefix=bathroom+storage+bins%2C+brushes+%26+caddies%2Caps%2C361&ref=nb_sb_noss
Storage & Organization,Bathroom Storage,Over the Cabinet Storage,https://www.amazon.com/s?k=BATHROOM+STORAGE+OVER+THE+CABINET+STORAGE&crid=22ISLN2NHJ2XP&sprefix=bathroom+storage+over+the+cabinet+storage%2Caps%2C405&ref=nb_sb_noss_2
Storage & Organization,Bathroom Storage,Shower & Bath Storage,https://www.amazon.com/s?k=BATHROOM+SHOWER+%26+BATH+STORAGE&crid=2XDIPAFBKFZBO&sprefix=bathroom+shower+%26+bath+storage%2Caps%2C411&ref=nb_sb_noss_2
Storage & Organization,Bathroom Storage,Towel Racks & Rails,https://www.amazon.com/s?k=BATHROOM+STORAGE+TOWEL+RACKS+%26+RAILS&crid=VIMTCHJI7P95&sprefix=bathroom+storage+towel+racks+%26+rails%2Caps%2C360&ref=nb_sb_noss_2
Storage & Organization,Bathroom Storage,Undersink Storage,https://www.amazon.com/s?k=BATHROOM+UNDERSINK+STORAGE&crid=WJB7BW7H2O3N&sprefix=bathroom+undersink+storage%2Caps%2C355&ref=nb_sb_noss_2
Storage & Organization,Bathroom Storage,Vanity Storage,https://www.amazon.com/s?k=BATHROOM+STORAGE+VANITY+STORAGE&crid=3FC9NGNQWFCAP&sprefix=bathroom+storage+vanity+storage%2Caps%2C389&ref=nb_sb_noss_2
Storage & Organization,Bathroom Storage,Wall Cabinets,https://www.amazon.com/s?k=BATHROOM+STORAGE+WALL+CABINETS&crid=2MQJWUX112BH9&sprefix=bathroom+storage+wall+cabinets%2Caps%2C402&ref=nb_sb_noss_1
Storage & Organization,Bedroom Storage,Closet Bins & Boxes,https://www.amazon.com/s?k=BEDROOM+STORAGE+CLOSET+BINS+%26+BOXES&crid=19YSOJZO9GZBH&sprefix=bedroom+storage+closet+bins+%26+boxes%2Caps%2C385&ref=nb_sb_noss
Storage & Organization,Bedroom Storage,Closet Organizers,https://www.amazon.com/s?k=BEDROOM+STORAGE+CLOSET+ORGANIZERS&crid=2K81ZCUYOHHXL&sprefix=bedroom+storage+closet+organizers%2Caps%2C397&ref=nb_sb_noss_2
Storage & Organization,Bedroom Storage,Drawer Organizers,https://www.amazon.com/s?k=BEDROOM+STORAGE+DRAWER+ORGANIZERS&crid=38WGLGD214UC2&sprefix=bedroom+storage+drawer+organizers%2Caps%2C372&ref=nb_sb_noss_1
Storage & Organization,Bedroom Storage,Dresser Organizers,https://www.amazon.com/s?k=BEDROOM+STORAGE+DRESSER+ORGANIZERS&crid=3F1IH3NE04OJD&sprefix=bedroom+storage+dresser+organizers%2Caps%2C387&ref=nb_sb_noss_2
Storage & Organization,Bedroom Storage,Freestanding Racks & Robes,https://www.amazon.com/s?k=BEDROOM+STORAGE+FREESTANDING+RACKS+%26+ROBES&crid=29LK5NTDXEFLW&sprefix=bedroom+storage+freestanding+racks+%26+robes%2Caps%2C364&ref=nb_sb_noss
Storage & Organization,Bedroom Storage,Hangers,https://www.amazon.com/s?k=BEDROOM+STORAGE+HANGERS&crid=EFCCDIC0QTND&sprefix=bedroom+storage+hangers%2Caps%2C341&ref=nb_sb_noss_2
Storage & Organization,General Storage,Cable Management,https://www.amazon.com/s?k=GENERAL+STORAGE+CABLE+MANAGEMENT&crid=2MH9G1YLPGF1I&sprefix=general+storage+cable+management%2Caps%2C352&ref=nb_sb_noss
Storage & Organization,General Storage,Carts & Drawers,https://www.amazon.com/s?k=GENERAL+STORAGE+CARTS+%26+DRAWERS&crid=27VHX9Q2V8LM2&sprefix=general+storage+carts+%26+drawers%2Caps%2C392&ref=nb_sb_noss
Storage & Organization,General Storage,Desk & Office Organizers,https://www.amazon.com/s?k=GENERAL+STORAGE+DESK+%26+OFFICE+ORGANIZERS&crid=3J4MW8RRDHNH6&sprefix=general+storage+desk+%26+office+organizers%2Caps%2C373&ref=nb_sb_noss
Storage & Organization,General Storage,OTD Hooks & Racks,https://www.amazon.com/s?k=GENERAL+STORAGE+OTD+HOOKS+%26+RACKS&crid=2O083CTN0J78P&sprefix=general+storage+otd+hooks+%26+racks%2Caps%2C350&ref=nb_sb_noss
Storage & Organization,General Storage,Shoe Organizers,https://www.amazon.com/s?k=GENERAL+STORAGE+SHOE+ORGANIZERS&crid=1HJVFT199AR2G&sprefix=general+storage+shoe+organizers%2Caps%2C389&ref=nb_sb_noss
Storage & Organization,General Storage,Storage Racks & Shelves,https://www.amazon.com/s?k=GENERAL+STORAGE+RACKS+%26+SHELVES&crid=2SP4IR0YAKCZH&sprefix=general+storage+racks+%26+shelves%2Caps%2C385&ref=nb_sb_noss
Storage & Organization,General Storage,Utility Trays & Tables,https://www.amazon.com/s?k=GENERAL+STORAGE+UTILITY+TRAYS+%26+TABLES&crid=QBZQ7I2VR4EX&sprefix=general+storage+utility+trays+%26+tables%2Caps%2C399&ref=nb_sb_noss
Storage & Organization,Kids Storage,Kids Decorative Baskets,https://www.amazon.com/s?k=KIDS+STORAGE+DECORATIVE+BASKETS&crid=1L33D98AJUP00&sprefix=kids+storage+decorative+baskets%2Caps%2C415&ref=nb_sb_noss_2
Storage & Organization,Kids Storage,Kids Totes & Cubes,https://www.amazon.com/s?k=KIDS+STORAGE+KIDS+TOTES+%26+CUBES&crid=2T35F26ZUCZUX&sprefix=kids+storage+kids+totes+%26+cubes%2Caps%2C379&ref=nb_sb_noss
Storage & Organization,Kids Storage,Kids Toy Bins & Chests,https://www.amazon.com/s?k=KIDS+STORAGE+KIDS+TOY+BINS+%26+CHESTS&crid=1REUH5T7PAE1Q&sprefix=kids+storage+kids+toy+bins+%26+chests%2Caps%2C465&ref=nb_sb_noss_2
Storage & Organization,Kitchen Storage,Cabinet & Pantry Organizers,https://www.amazon.com/s?k=KITCHEN+STORAGE+CABINET+%26+PANTRY+ORGANIZERS&crid=BLWSE41OG3I&sprefix=kitchen+storage+cabinet+%26+pantry+organizers%2Caps%2C394&ref=nb_sb_noss_2
Storage & Organization,Kitchen Storage,Drawer Organizers,https://www.amazon.com/s?k=KITCHEN+STORAGE+DRAWER+ORGANIZERS&crid=1HAPH08JCRG2&sprefix=kitchen+storage+drawer+organizers%2Caps%2C413&ref=nb_sb_noss_1
Storage & Organization,Kitchen Storage,Refrigerator Organizers,https://www.amazon.com/s?k=KITCHEN+STORAGE+REFRIGERATOR+ORGANIZERS&crid=318G8GR1ZAF42&sprefix=kitchen+storage+refrigerator+organizers%2Caps%2C384&ref=nb_sb_noss_2
Storage & Organization,Kitchen Storage,Sink Accessories,https://www.amazon.com/s?k=KITCHEN+STORAGE+SINK+ACCESSORIES&crid=8QRRULQ54AWE&sprefix=kitchen+storage+sink+accessories%2Caps%2C531&ref=nb_sb_noss_2
Storage & Organization,Kitchen Storage,Undersink Storage,https://www.amazon.com/s?k=KITCHEN+STORAGE+UNDERSINK+STORAGE&crid=38W6N2K93NTT9&sprefix=kitchen+storage+undersink+storage%2Caps%2C457&ref=nb_sb_noss_2
Tabletop,Bar & Wine Access,Bar & Wine Racks,https://www.amazon.com/s?k=BAR+%26+WINE+ACCESS+BAR+%26+WINE+RACKS&crid=298D85OCIKUFK&sprefix=bar+%26+wine+access+bar+%26+wine+racks%2Caps%2C425&ref=nb_sb_noss
Tabletop,Bar & Wine Access,Bar & Wine Tools,https://www.amazon.com/s?k=BAR+%26+WINE+ACCESS+BAR+%26+WINE+TOOLS&crid=10P63J9LIXA46&sprefix=bar+%26+wine+access+bar+%26+wine+tools%2Caps%2C466&ref=nb_sb_noss
Tabletop,Bar & Wine Access,Decanters & Carafes,https://www.amazon.com/s?k=BAR+%26+WINE+ACCESS+DECANTERS+%26+CARAFES&crid=1IDNEOXIUFMOQ&sprefix=bar+%26+wine+access+decanters+%26+carafes%2Caps%2C401&ref=nb_sb_noss
Tabletop,Drinkware,Travel Mugs & Tumblers,https://www.amazon.com/s?k=DRINKWARE+TRAVEL+MUGS+%26+TUMBLERS&crid=1UJBWPRV2VIE7&sprefix=drinkware+travel+mugs+%26+tumblers%2Caps%2C366&ref=nb_sb_noss_2
Tabletop,Drinkware,Water Bottles,https://www.amazon.com/s?k=DRINKWARE+WATER+BOTTLES&crid=3PRNU93ZAYK9Z&sprefix=drinkware+water+bottles%2Caps%2C427&ref=nb_sb_noss_1
Tabletop,Serveware,Bed Trays,https://www.amazon.com/s?k=SERVEWARE+BED+TRAYS&crid=MYVC3FE5VMB4&sprefix=serveware+bed+trays%2Caps%2C444&ref=nb_sb_noss
Tabletop,Serveware,Beverage Tubs & Dispensers,https://www.amazon.com/s?k=SERVEWARE+BEVERAGE+TUBS+%26+DISPENSERS&crid=9NXRZBFNCXYO&sprefix=serveware+beverage+tubs+%26+dispensers%2Caps%2C433&ref=nb_sb_noss
Tabletop,Serveware,Cake Stands & Tiered Servers,https://www.amazon.com/s?k=SERVEWARE+CAKE+STANDS+%26+TIERED+SERVERS&crid=17QGOAR2I9K23&sprefix=serveware+cake+stands+%26+tiered+servers%2Caps%2C424&ref=nb_sb_noss
Tabletop,Serveware,Lazy Susans,https://www.amazon.com/s?k=SERVEWARE+LAZY+SUSANS&crid=3BZVADJJIN52F&sprefix=serveware+lazy+susans%2Caps%2C472&ref=nb_sb_noss_2
Tabletop,Serveware,Pitchers,https://www.amazon.com/s?k=SERVEWARE+PITCHERS&crid=3J3DCLNNFS5EK&sprefix=serveware+pitchers%2Caps%2C410&ref=nb_sb_noss_2
Tabletop,Serveware,"Serveware Accessories (coasters, salt & pepper mills etc)",https://www.amazon.com/s?k=SERVEWARE+ACCESSORIES+coasters%2C+salt+%26+pepper+mills+etc.&crid=2YURIUMJ7NISB&sprefix=serveware+accessories+coasters%2C+salt+%26+pepper+mills+etc.%2Caps%2C402&ref=nb_sb_noss
Tabletop,Serveware,Serving Bowls,https://www.amazon.com/s?k=SERVEWARE+SERVING+BOWLS&crid=34GUXAK4JZQNT&sprefix=serveware+serving+bowls%2Caps%2C418&ref=nb_sb_noss_2
Tabletop,Serveware,"Serving Trays, Platters & Boards",https://www.amazon.com/s?k=SERVEWARE+SERVING+TRAYS%2C+PLATTERS+%26+BOARDS&crid=2283D24R18TCX&sprefix=serveware+serving+trays%2C+platters+%26+boards%2Caps%2C376&ref=nb_sb_noss
Tabletop,Tableware,Dinnerware Sets,https://www.amazon.com/s?k=TABLEWARE+DINNERWARE+SETS&crid=26W9JQFHAO2E7&sprefix=tableware+dinnerware+sets%2Caps%2C422&ref=nb_sb_noss_2
Tabletop,Tableware,Flatware,https://www.amazon.com/s?k=TABLEWARE+FLATWARE&crid=2OYBWH4IHWAKH&sprefix=tableware+flatware%2Caps%2C459&ref=nb_sb_noss_2
Tabletop,Tableware,Kids Dinner Sets,https://www.amazon.com/s?k=TABLEWARE+KIDS+DINNER+SETS&crid=1JZOHZLGEJ6VC&sprefix=tableware+kids+dinner+sets%2Caps%2C385&ref=nb_sb_noss
Tabletop,Tableware,Plates & Bowls,https://www.amazon.com/s?k=TABLEWARE+PLATES+%26+BOWLS&crid=1FZTOHU0R0NWQ&sprefix=tableware+plates+%26+bowls%2Caps%2C428&ref=nb_sb_noss_2
Household,Homewares,Household Items,https://www.amazon.com/s?k=HOMEWARES+HOUSEHOLD+ITEMS&i=garden&crid=25IPVMSWCN6Z1&sprefix=homewares+household+items%2Cgarden%2C450&ref=nb_sb_noss
Household,Homewares,Travel & Bags,https://www.amazon.com/s?k=HOMEWARES+TRAVEL+%26+BAGS&i=garden&crid=3L7TNK5B772UD&sprefix=homewares+travel+%26+bags%2Cgarden%2C419&ref=nb_sb_noss
Outdoor,Outdoor,Garden Storage,https://www.amazon.com/s?k=OUTDOOR+GARDEN+STORAGE&i=garden&crid=2DTRE6S3U8IIF&sprefix=outdoor+garden+storage%2Caps%2C394&ref=nb_sb_noss_1
Outdoor,Outdoor,Camping,https://www.amazon.com/s?k=OUTDOOR+CAMPING&i=garden&crid=234RRQVPP1QFM&sprefix=outdoor+camping%2Caps%2C433&ref=nb_sb_noss_2
